file_name,source_drive_url
U-02_MIN_기획안2차검토_02_v1.0_20261013.docx,https://drive.google.com/file/d/1W4ht8rrv7_yxq8KzXMh-Z1MbrCg1PsN5
U-02_MIN_중간운영회의_01_v1.1_20261017.docx,https://drive.google.com/file/d/1GYr-oi8D8ts-StJgcJ2v2Evl7sZMOVQE
U-02_RPT_VOLT캠퍼스나이트액티비티존_v1.1_20261124.docx,https://drive.google.com/file/d/1rKTe9b7uQ8YrDse5D9AA2Z7cIPbCxzmY
U-02_PLN_VOLT캠퍼스나이트액티비티존_v1.1_20261010_반려.docx,https://drive.google.com/file/d/1hStJDoAK3NcUonhyXjga-cFKt5E15FmI
U-02_PLN_VOLT캠퍼스나이트액티비티존_v1.2_20261017_승인.docx,https://drive.google.com/file/d/1mrLcaB1CJQdC2RfBObUvqqwTNohXSLN6
U-02_PLN_VOLT캠퍼스나이트액티비티존_v1.0_20261001_반려.docx,https://drive.google.com/file/d/14auPRRn0Cb3eh7dKLvxZit_AO2jEa-1g
U-02_MIN_기획안1차검토_01_v1.0_20261003.docx,https://drive.google.com/file/d/1MSE0CrVmXmcuFX3BUyoxckUGXKbzJAcl
U-03_Q2_GREEN_CAMP_최종성과보고서_v1.1_20260628.docx,https://drive.google.com/file/d/1IadSofApTp8DysCNIElOTzOkUBGm_NF5
U-03_Q2_MIN_종료회고회의_04_v1.1_20260622.docx,https://drive.google.com/file/d/1Z9fY4GTjyKtBEgmOw94I6P8qCXkkfxVC
U-03_Q2_MIN_현장운영회의_03_v1.1_20260620.docx,https://drive.google.com/file/d/1MCkA8zIjMjY8i9JGHzXcIbtJj8XaXV6d
U-03_Q2_MIN_기상대응긴급회의_02_v1.1_20260619.docx,https://drive.google.com/file/d/1yr44kghzUiRYLtvvTFEIror_7geSgOBV
U-03_Q2_MIN_킥오프회의_01_v1.1_20260406.docx,https://drive.google.com/file/d/15vcHDVosNka9g_vCE7SVJ_QJsxzrFxRM
U-03_Q2_PP_프로젝트기획안_v1.1_승인_20260411.docx,https://drive.google.com/file/d/1EDNIt8umfWe-MXYk2PmC6a0nKqsO8ZbS
U-03_Q2_PP_프로젝트기획안_v1.0_반려_20260408.docx,https://drive.google.com/file/d/1g35HzsJ48nrEFnIIkXpqKD6cnXAgZRGd
U-03_PP_프로젝트기획안_v1.0_반려_20260805.docx,https://drive.google.com/file/d/1bZbx6TDKu7gVcU-RfzLVEXcWdaxcbOS8
U-04 1차 업체 권한안 반려 검토 회의록.txt,https://docs.google.com/document/d/1NA3bZY71vtUklSIkD-XIoxF1VDZm2nhnt6bM7OWHZ8Y/edit
U-04 2차 운영 내용안 반려 검토 회의록.txt,https://docs.google.com/document/d/1brUpnthn0_yY0UfMFEKD_3RV57bhItod2x190XnPjIc/edit
U-04 3차 예산 검수안 반려 검토 회의록.txt,https://docs.google.com/document/d/1zTbTWuCSyEanCN5I5GRjLOmMtaxTwdhNkHrOEKAIo80/edit
U-04 청년공공기관취업박람회 중간회의보고서.txt,https://docs.google.com/document/d/11garczWSmvOgiLa265CbCBhRlkikT9G9oKc7LraOFZM/edit
U-04 청년공공기관취업박람회 최종 성과보고서.txt,https://docs.google.com/document/d/1ZqK62nJr7FkQlFr7WanW-mPsEPliH0RHnGqcmYb6v8Y/edit
U-04 청년공공기관취업박람회 최종 승인 기획안.txt,https://docs.google.com/document/d/1mFv9PH2ezEadgBabOCYrgV5j4u05_rvZiBD7AyWad08/edit
U-05 MUSEON 숏폼 챌린지 및 라이브 세션 기획안.txt,https://docs.google.com/document/d/1HK18eN1acK-b_zrvJupbfcAwznivzjsejPPWcQc5dJc/edit
U-05 MUSEON 외부 콘텐츠 권리 승인 프로젝트 회고록.txt,https://docs.google.com/document/d/1xprCEoCeaY4QzMM9wTr95AagaXkVcI9aD9aSZMgMaqI/edit
U-05 MUSEON 콘텐츠 프로젝트 최종 성과보고서.txt,https://docs.google.com/document/d/19A0auiLIo4eeAmieQ7tj5ILPML6MIr4EihJ956duY_U/edit
U-05 기획안 반려 및 재검토 회의록.txt,https://docs.google.com/document/d/15Af_Jp_H_lJ17tC3hSdVKi39KhZkOl3bhBEaAcm4M3I/edit
U-05 승인 충돌 대응 회의록.txt,https://docs.google.com/document/d/1Lc-wTJrZLHwxjogbjfk2q0kxz-BRY9mRxt7HHTQGttY/edit
ML_문서관리대장.csv,https://docs.google.com/spreadsheets/d/1DexVHmGMBOUYY3b4QcQL-joMHaXnh84poeOwcpEu_mg/edit
U-06 CREWAVE 하이브리드 크리에이터 어워즈 기획안.txt,https://docs.google.com/document/d/1mCKrIv4ngNMBh3615t_bft3vFCYFc00DZujJqdBM4Cg/edit
